lag,attention_weight
5,0.20112923
4,0.20054764
3,0.19998543
2,0.19943415
1,0.19890362
